﻿<?xml version="1.0" encoding="utf-8" ?>
<env>

  <username>VitalRetailOwner1</username>
  <password>Authnet101</password>
  <url>https://downloadvpossto.labwebapp.com</url>

  <!--<username>fdcretailowner1</username>
  <password>Authnet102</password>
  <url>https://downloadvposamb.labwebapp.com</url>-->
  
  <!--  <username>fdcretailowner1</username>
  <password>Authnet102</password>
  <url>https://downloadvposcad.labwebapp.com</url>-->
  
  
 
  <!--<username>mbld_$F9r9xJW</username>
  <password>Authnet101</password>
  <url>https://downloadvposced.labwebapp.com</url>-->
</env>
